angular_leafspot1.jpg,0
angular_leafspot10.jpg,0
angular_leafspot100.jpg,0
angular_leafspot101.jpg,0
angular_leafspot102.jpg,0
angular_leafspot103.jpg,0
angular_leafspot104.jpg,0
angular_leafspot105.jpg,0
angular_leafspot106.jpg,0
angular_leafspot109.jpg,0
angular_leafspot11.jpg,0
angular_leafspot111.jpg,0
angular_leafspot112.jpg,0
angular_leafspot113.jpg,0
angular_leafspot114.jpg,0
angular_leafspot115.jpg,0
angular_leafspot116.jpg,0
angular_leafspot117.jpg,0
angular_leafspot118.jpg,0
angular_leafspot119.jpg,0
angular_leafspot12.jpg,0
angular_leafspot13.jpg,0
angular_leafspot132.jpg,0
angular_leafspot136.jpg,0
angular_leafspot142.jpg,0
angular_leafspot15.jpg,0
angular_leafspot152.jpg,0
angular_leafspot162.jpg,0
angular_leafspot169.jpg,0
angular_leafspot17.jpg,0
angular_leafspot170.jpg,0
angular_leafspot171.jpg,0
angular_leafspot173.jpg,0
angular_leafspot174.jpg,0
angular_leafspot18.jpg,0
angular_leafspot181.jpg,0
angular_leafspot183.jpg,0
angular_leafspot185.jpg,0
angular_leafspot188.jpg,0
angular_leafspot189.jpg,0
angular_leafspot19.jpg,0
angular_leafspot190.jpg,0
angular_leafspot191.jpg,0
angular_leafspot192.jpg,0
angular_leafspot194.jpg,0
angular_leafspot195.jpg,0
angular_leafspot196.jpg,0
angular_leafspot198.jpg,0
angular_leafspot199.jpg,0
angular_leafspot2.jpg,0
angular_leafspot20.jpg,0
angular_leafspot200.jpg,0
angular_leafspot202.jpg,0
angular_leafspot203.jpg,0
angular_leafspot204.jpg,0
angular_leafspot205.jpg,0
angular_leafspot207.jpg,0
angular_leafspot208.jpg,0
angular_leafspot209.jpg,0
angular_leafspot21.jpg,0
angular_leafspot211.jpg,0
angular_leafspot213.jpg,0
angular_leafspot214.jpg,0
angular_leafspot215.jpg,0
angular_leafspot216.jpg,0
angular_leafspot217.jpg,0
angular_leafspot218.jpg,0
angular_leafspot219.jpg,0
angular_leafspot22.jpg,0
angular_leafspot220.jpg,0
angular_leafspot221.jpg,0
angular_leafspot222.jpg,0
angular_leafspot223.jpg,0
angular_leafspot224.jpg,0
angular_leafspot225.jpg,0
angular_leafspot226.jpg,0
angular_leafspot227.jpg,0
angular_leafspot228.jpg,0
angular_leafspot229.jpg,0
angular_leafspot23.jpg,0
angular_leafspot231.jpg,0
angular_leafspot233.jpg,0
angular_leafspot234.jpg,0
angular_leafspot235.jpg,0
angular_leafspot236.jpg,0
angular_leafspot237.jpg,0
angular_leafspot239.jpg,0
angular_leafspot240.jpg,0
angular_leafspot243.jpg,0
angular_leafspot244.jpg,0
angular_leafspot245.jpg,0
angular_leafspot246.jpg,0
angular_leafspot247.jpg,0
angular_leafspot248.jpg,0
angular_leafspot249.jpg,0
angular_leafspot250.jpg,0
angular_leafspot251.jpg,0
angular_leafspot252.jpg,0
angular_leafspot253.jpg,0
angular_leafspot254.jpg,0
angular_leafspot255.jpg,0
angular_leafspot256.jpg,0
angular_leafspot257.jpg,0
angular_leafspot258.jpg,0
angular_leafspot259.jpg,0
angular_leafspot26.jpg,0
angular_leafspot260.jpg,0
angular_leafspot263.jpg,0
angular_leafspot264.jpg,0
angular_leafspot266.jpg,0
angular_leafspot267.jpg,0
angular_leafspot268.jpg,0
angular_leafspot269.jpg,0
angular_leafspot27.jpg,0
angular_leafspot270.jpg,0
angular_leafspot271.jpg,0
angular_leafspot272.jpg,0
angular_leafspot274.jpg,0
angular_leafspot275.jpg,0
angular_leafspot276.jpg,0
angular_leafspot277.jpg,0
angular_leafspot278.jpg,0
angular_leafspot279.jpg,0
angular_leafspot28.jpg,0
angular_leafspot280.jpg,0
angular_leafspot281.jpg,0
angular_leafspot283.jpg,0
angular_leafspot284.jpg,0
angular_leafspot285.jpg,0
angular_leafspot287.jpg,0
angular_leafspot288.jpg,0
angular_leafspot289.jpg,0
angular_leafspot29.jpg,0
angular_leafspot290.jpg,0
angular_leafspot291.jpg,0
angular_leafspot292.jpg,0
angular_leafspot293.jpg,0
angular_leafspot294.jpg,0
angular_leafspot295.jpg,0
angular_leafspot296.jpg,0
angular_leafspot297.jpg,0
angular_leafspot298.jpg,0
angular_leafspot299.jpg,0
angular_leafspot3.jpg,0
angular_leafspot30.jpg,0
angular_leafspot300.jpg,0
angular_leafspot301.jpg,0
angular_leafspot302.jpg,0
angular_leafspot303.jpg,0
angular_leafspot305.jpg,0
angular_leafspot306.jpg,0
angular_leafspot307.jpg,0
angular_leafspot308.jpg,0
angular_leafspot309.jpg,0
angular_leafspot31.jpg,0
angular_leafspot310.jpg,0
angular_leafspot311.jpg,0
angular_leafspot312.jpg,0
angular_leafspot313.jpg,0
angular_leafspot315.jpg,0
angular_leafspot317.jpg,0
angular_leafspot318.jpg,0
angular_leafspot319.jpg,0
angular_leafspot32.jpg,0
angular_leafspot320.jpg,0
angular_leafspot322.jpg,0
angular_leafspot325.jpg,0
angular_leafspot326.jpg,0
angular_leafspot328.jpg,0
angular_leafspot329.jpg,0
angular_leafspot33.jpg,0
angular_leafspot330.jpg,0
angular_leafspot331.jpg,0
angular_leafspot332.jpg,0
angular_leafspot333.jpg,0
angular_leafspot335.jpg,0
angular_leafspot336.jpg,0
angular_leafspot337.jpg,0
angular_leafspot338.jpg,0
angular_leafspot339.jpg,0
angular_leafspot34.jpg,0
angular_leafspot341.jpg,0
angular_leafspot342.jpg,0
angular_leafspot343.jpg,0
angular_leafspot349.jpg,0
angular_leafspot35.jpg,0
angular_leafspot350.jpg,0
angular_leafspot356.jpg,0
angular_leafspot36.jpg,0
angular_leafspot361.jpg,0
angular_leafspot37.jpg,0
angular_leafspot376.jpg,0
angular_leafspot38.jpg,0
angular_leafspot40.jpg,0
angular_leafspot41.jpg,0
angular_leafspot42.jpg,0
angular_leafspot43.jpg,0
angular_leafspot44.jpg,0
angular_leafspot45.jpg,0
angular_leafspot46.jpg,0
angular_leafspot47.jpg,0
angular_leafspot49.jpg,0
angular_leafspot5.jpg,0
angular_leafspot51.jpg,0
angular_leafspot52.jpg,0
angular_leafspot53.jpg,0
angular_leafspot54.jpg,0
angular_leafspot55.jpg,0
angular_leafspot56.jpg,0
angular_leafspot57.jpg,0
angular_leafspot58.jpg,0
angular_leafspot60.jpg,0
angular_leafspot61.jpg,0
angular_leafspot62.jpg,0
angular_leafspot64.jpg,0
angular_leafspot65.jpg,0
angular_leafspot66.jpg,0
angular_leafspot67.jpg,0
angular_leafspot68.jpg,0
angular_leafspot69.jpg,0
angular_leafspot7.jpg,0
angular_leafspot70.jpg,0
angular_leafspot71.jpg,0
angular_leafspot72.jpg,0
angular_leafspot73.jpg,0
angular_leafspot74.jpg,0
angular_leafspot75.jpg,0
angular_leafspot76.jpg,0
angular_leafspot78.jpg,0
angular_leafspot79.jpg,0
angular_leafspot8.jpg,0
angular_leafspot80.jpg,0
angular_leafspot81.jpg,0
angular_leafspot83.jpg,0
angular_leafspot84.jpg,0
angular_leafspot85.jpg,0
angular_leafspot86.jpg,0
angular_leafspot87.jpg,0
angular_leafspot88.jpg,0
angular_leafspot89.jpg,0
angular_leafspot9.jpg,0
angular_leafspot95.jpg,0
angular_leafspot96.jpg,0
angular_leafspot97.jpg,0
angular_leafspot99.jpg,0
anthracnose_fruit_rot1.jpg,1
anthracnose_fruit_rot11.jpg,1
anthracnose_fruit_rot13.jpg,1
anthracnose_fruit_rot14.jpg,1
anthracnose_fruit_rot15.jpg,1
anthracnose_fruit_rot16.jpg,1
anthracnose_fruit_rot17.jpg,1
anthracnose_fruit_rot18.jpg,1
anthracnose_fruit_rot2.jpg,1
anthracnose_fruit_rot20.jpg,1
anthracnose_fruit_rot23.jpg,1
anthracnose_fruit_rot26.jpg,1
anthracnose_fruit_rot28.jpg,1
anthracnose_fruit_rot3.jpg,1
anthracnose_fruit_rot31.jpg,1
anthracnose_fruit_rot33.jpg,1
anthracnose_fruit_rot35.jpg,1
anthracnose_fruit_rot36.jpg,1
anthracnose_fruit_rot37.jpg,1
anthracnose_fruit_rot41.jpg,1
anthracnose_fruit_rot42.jpg,1
anthracnose_fruit_rot44.jpg,1
anthracnose_fruit_rot46.jpg,1
anthracnose_fruit_rot47.jpg,1
anthracnose_fruit_rot48.jpg,1
anthracnose_fruit_rot49.jpg,1
anthracnose_fruit_rot5.jpg,1
anthracnose_fruit_rot50.jpg,1
anthracnose_fruit_rot51.jpg,1
anthracnose_fruit_rot52.jpg,1
anthracnose_fruit_rot53.jpg,1
anthracnose_fruit_rot54.jpg,1
anthracnose_fruit_rot56.jpg,1
anthracnose_fruit_rot57.jpg,1
anthracnose_fruit_rot6.jpg,1
anthracnose_fruit_rot60.jpg,1
anthracnose_fruit_rot62.jpg,1
anthracnose_fruit_rot63.jpg,1
anthracnose_fruit_rot64.jpg,1
anthracnose_fruit_rot65.jpg,1
anthracnose_fruit_rot66.jpg,1
anthracnose_fruit_rot67.jpg,1
anthracnose_fruit_rot68.jpg,1
anthracnose_fruit_rot69.jpg,1
anthracnose_fruit_rot70.jpg,1
anthracnose_fruit_rot71.jpg,1
anthracnose_fruit_rot72.jpg,1
anthracnose_fruit_rot73.jpg,1
anthracnose_fruit_rot74.jpg,1
anthracnose_fruit_rot75.jpg,1
anthracnose_fruit_rot78.jpg,1
anthracnose_fruit_rot9.jpg,1
blossom_blight10.jpg,2
blossom_blight100.jpg,2
blossom_blight101.jpg,2
blossom_blight104.jpg,2
blossom_blight105.jpg,2
blossom_blight107.jpg,2
blossom_blight108.jpg,2
blossom_blight109.jpg,2
blossom_blight11.jpg,2
blossom_blight110.jpg,2
blossom_blight111.jpg,2
blossom_blight113.jpg,2
blossom_blight114.jpg,2
blossom_blight115.jpg,2
blossom_blight117.jpg,2
blossom_blight118.jpg,2
blossom_blight119.jpg,2
blossom_blight12.jpg,2
blossom_blight120.jpg,2
blossom_blight121.jpg,2
blossom_blight122.jpg,2
blossom_blight123.jpg,2
blossom_blight124.jpg,2
blossom_blight125.jpg,2
blossom_blight128.jpg,2
blossom_blight129.jpg,2
blossom_blight13.jpg,2
blossom_blight130.jpg,2
blossom_blight131.jpg,2
blossom_blight132.jpg,2
blossom_blight134.jpg,2
blossom_blight135.jpg,2
blossom_blight136.jpg,2
blossom_blight137.jpg,2
blossom_blight138.jpg,2
blossom_blight14.jpg,2
blossom_blight140.jpg,2
blossom_blight141.jpg,2
blossom_blight143.jpg,2
blossom_blight144.jpg,2
blossom_blight145.jpg,2
blossom_blight146.jpg,2
blossom_blight15.jpg,2
blossom_blight16.jpg,2
blossom_blight17.jpg,2
blossom_blight19.jpg,2
blossom_blight2.jpg,2
blossom_blight21.jpg,2
blossom_blight22.jpg,2
blossom_blight24.jpg,2
blossom_blight27.jpg,2
blossom_blight28.jpg,2
blossom_blight29.jpg,2
blossom_blight3.jpg,2
blossom_blight30.jpg,2
blossom_blight31.jpg,2
blossom_blight32.jpg,2
blossom_blight34.jpg,2
blossom_blight35.jpg,2
blossom_blight36.jpg,2
blossom_blight37.jpg,2
blossom_blight38.jpg,2
blossom_blight39.jpg,2
blossom_blight4.jpg,2
blossom_blight40.jpg,2
blossom_blight41.jpg,2
blossom_blight42.jpg,2
blossom_blight43.jpg,2
blossom_blight44.jpg,2
blossom_blight45.jpg,2
blossom_blight47.jpg,2
blossom_blight48.jpg,2
blossom_blight49.jpg,2
blossom_blight5.jpg,2
blossom_blight51.jpg,2
blossom_blight52.jpg,2
blossom_blight53.jpg,2
blossom_blight54.jpg,2
blossom_blight55.jpg,2
blossom_blight56.jpg,2
blossom_blight57.jpg,2
blossom_blight58.jpg,2
blossom_blight59.jpg,2
blossom_blight6.jpg,2
blossom_blight60.jpg,2
blossom_blight61.jpg,2
blossom_blight62.jpg,2
blossom_blight63.jpg,2
blossom_blight64.jpg,2
blossom_blight65.jpg,2
blossom_blight66.jpg,2
blossom_blight68.jpg,2
blossom_blight69.jpg,2
blossom_blight71.jpg,2
blossom_blight72.jpg,2
blossom_blight74.jpg,2
blossom_blight75.jpg,2
blossom_blight78.jpg,2
blossom_blight79.jpg,2
blossom_blight8.jpg,2
blossom_blight80.jpg,2
blossom_blight82.jpg,2
blossom_blight83.jpg,2
blossom_blight85.jpg,2
blossom_blight86.jpg,2
blossom_blight87.jpg,2
blossom_blight88.jpg,2
blossom_blight89.jpg,2
blossom_blight9.jpg,2
blossom_blight90.jpg,2
blossom_blight91.jpg,2
blossom_blight93.jpg,2
blossom_blight94.jpg,2
blossom_blight95.jpg,2
blossom_blight96.jpg,2
blossom_blight97.jpg,2
blossom_blight99.jpg,2
gray_mold1.jpg,2
gray_mold10.jpg,3
gray_mold101.jpg,3
gray_mold102.jpg,3
gray_mold103.jpg,3
gray_mold104.jpg,3
gray_mold105.jpg,3
gray_mold106.jpg,3
gray_mold107.jpg,3
gray_mold108.jpg,3
gray_mold11.jpg,3
gray_mold110.jpg,3
gray_mold112.jpg,3
gray_mold113.jpg,3
gray_mold114.jpg,3
gray_mold117.jpg,3
gray_mold118.jpg,3
gray_mold119.jpg,3
gray_mold12.jpg,3
gray_mold120.jpg,3
gray_mold122.jpg,3
gray_mold123.jpg,3
gray_mold125.jpg,3
gray_mold129.jpg,3
gray_mold130.jpg,3
gray_mold132.jpg,3
gray_mold134.jpg,3
gray_mold135.jpg,3
gray_mold137.jpg,3
gray_mold138.jpg,3
gray_mold139.jpg,3
gray_mold140.jpg,3
gray_mold141.jpg,3
gray_mold142.jpg,3
gray_mold145.jpg,3
gray_mold146.jpg,3
gray_mold150.jpg,3
gray_mold151.jpg,3
gray_mold152.jpg,3
gray_mold154.jpg,3
gray_mold158.jpg,3
gray_mold16.jpg,3
gray_mold162.jpg,3
gray_mold163.jpg,3
gray_mold164.jpg,3
gray_mold165.jpg,3
gray_mold166.jpg,3
gray_mold167.jpg,3
gray_mold168.jpg,3
gray_mold17.jpg,3
gray_mold170.jpg,3
gray_mold174.jpg,3
gray_mold175.jpg,3
gray_mold176.jpg,3
gray_mold178.jpg,3
gray_mold179.jpg,3
gray_mold18.jpg,3
gray_mold187.jpg,3
gray_mold19.jpg,3
gray_mold194.jpg,3
gray_mold196.jpg,3
gray_mold20.jpg,3
gray_mold200.jpg,3
gray_mold201.jpg,3
gray_mold202.jpg,3
gray_mold204.jpg,3
gray_mold205.jpg,3
gray_mold207.jpg,3
gray_mold208.jpg,3
gray_mold209.jpg,3
gray_mold210.jpg,3
gray_mold211.jpg,3
gray_mold212.jpg,3
gray_mold213.jpg,3
gray_mold217.jpg,3
gray_mold218.jpg,3
gray_mold219.jpg,3
gray_mold22.jpg,3
gray_mold220.jpg,3
gray_mold221.jpg,3
gray_mold227.jpg,3
gray_mold228.jpg,3
gray_mold23.jpg,3
gray_mold230.jpg,3
gray_mold231.jpg,3
gray_mold233.jpg,3
gray_mold234.jpg,3
gray_mold235.jpg,3
gray_mold239.jpg,3
gray_mold240.jpg,3
gray_mold241.jpg,3
gray_mold242.jpg,3
gray_mold245.jpg,3
gray_mold246.jpg,3
gray_mold248.jpg,3
gray_mold249.jpg,3
gray_mold250.jpg,3
gray_mold256.jpg,3
gray_mold257.jpg,3
gray_mold26.jpg,3
gray_mold261.jpg,3
gray_mold262.jpg,3
gray_mold263.jpg,3
gray_mold264.jpg,3
gray_mold265.jpg,3
gray_mold266.jpg,3
gray_mold267.jpg,3
gray_mold268.jpg,3
gray_mold269.jpg,3
gray_mold27.jpg,3
gray_mold270.jpg,3
gray_mold271.jpg,3
gray_mold272.jpg,3
gray_mold273.jpg,3
gray_mold275.jpg,3
gray_mold278.jpg,3
gray_mold281.jpg,3
gray_mold282.jpg,3
gray_mold283.jpg,3
gray_mold284.jpg,3
gray_mold285.jpg,3
gray_mold286.jpg,3
gray_mold288.jpg,3
gray_mold289.jpg,3
gray_mold29.jpg,3
gray_mold291.jpg,3
gray_mold293.jpg,3
gray_mold294.jpg,3
gray_mold301.jpg,3
gray_mold302.jpg,3
gray_mold304.jpg,3
gray_mold305.jpg,3
gray_mold306.jpg,3
gray_mold307.jpg,3
gray_mold308.jpg,3
gray_mold309.jpg,3
gray_mold31.jpg,3
gray_mold310.jpg,3
gray_mold311.jpg,3
gray_mold313.jpg,3
gray_mold314.jpg,3
gray_mold315.jpg,3
gray_mold316.jpg,3
gray_mold317.jpg,3
gray_mold319.jpg,3
gray_mold32.jpg,3
gray_mold320.jpg,3
gray_mold321.jpg,3
gray_mold324.jpg,3
gray_mold325.jpg,3
gray_mold326.jpg,3
gray_mold327.jpg,3
gray_mold328.jpg,3
gray_mold329.jpg,3
gray_mold33.jpg,3
gray_mold330.jpg,3
gray_mold331.jpg,3
gray_mold332.jpg,3
gray_mold334.jpg,3
gray_mold335.jpg,3
gray_mold339.jpg,3
gray_mold34.jpg,3
gray_mold341.jpg,3
gray_mold342.jpg,3
gray_mold343.jpg,3
gray_mold346.jpg,3
gray_mold347.jpg,3
gray_mold348.jpg,3
gray_mold35.jpg,3
gray_mold351.jpg,3
gray_mold352.jpg,3
gray_mold353.jpg,3
gray_mold355.jpg,3
gray_mold356.jpg,3
gray_mold357.jpg,3
gray_mold358.jpg,3
gray_mold359.jpg,3
gray_mold36.jpg,3
gray_mold361.jpg,3
gray_mold362.jpg,3
gray_mold363.jpg,3
gray_mold364.jpg,3
gray_mold365.jpg,3
gray_mold366.jpg,3
gray_mold367.jpg,3
gray_mold368.jpg,3
gray_mold369.jpg,3
gray_mold37.jpg,3
gray_mold370.jpg,3
gray_mold371.jpg,3
gray_mold372.jpg,3
gray_mold375.jpg,3
gray_mold377.jpg,3
gray_mold379.jpg,3
gray_mold38.jpg,3
gray_mold382.jpg,3
gray_mold384.jpg,3
gray_mold385.jpg,3
gray_mold386.jpg,3
gray_mold4.jpg,3
gray_mold40.jpg,3
gray_mold41.jpg,3
gray_mold42.jpg,3
gray_mold44.jpg,3
gray_mold45.jpg,3
gray_mold459.jpg,3
gray_mold46.jpg,3
gray_mold465.jpg,3
gray_mold48.jpg,3
gray_mold49.jpg,3
gray_mold5.jpg,3
gray_mold50.jpg,3
gray_mold51.jpg,3
gray_mold52.jpg,3
gray_mold53.jpg,3
gray_mold54.jpg,3
gray_mold55.jpg,3
gray_mold56.jpg,3
gray_mold57.jpg,3
gray_mold58.jpg,3
gray_mold61.jpg,3
gray_mold63.jpg,3
gray_mold64.jpg,3
gray_mold65.jpg,3
gray_mold66.jpg,3
gray_mold67.jpg,3
gray_mold68.jpg,3
gray_mold69.jpg,3
gray_mold7.jpg,3
gray_mold70.jpg,3
gray_mold71.jpg,3
gray_mold72.jpg,3
gray_mold74.jpg,3
gray_mold75.jpg,3
gray_mold76.jpg,3
gray_mold77.jpg,3
gray_mold78.jpg,3
gray_mold79.jpg,3
gray_mold8.jpg,3
gray_mold82.jpg,3
gray_mold83.jpg,3
gray_mold84.jpg,3
gray_mold85.jpg,3
gray_mold86.jpg,3
gray_mold87.jpg,3
gray_mold89.jpg,3
gray_mold9.jpg,3
gray_mold91.jpg,3
gray_mold92.jpg,3
gray_mold93.jpg,3
gray_mold94.jpg,3
gray_mold96.jpg,3
gray_mold97.jpg,3
gray_mold98.jpg,3
gray_mold99.jpg,3
leaf_spot100.jpg,4
leaf_spot101.jpg,4
leaf_spot102.jpg,4
leaf_spot103.jpg,4
leaf_spot104.jpg,4
leaf_spot105.jpg,4
leaf_spot107.jpg,4
leaf_spot108.jpg,4
leaf_spot109.jpg,4
leaf_spot110.jpg,4
leaf_spot111.jpg,4
leaf_spot114.jpg,4
leaf_spot115.jpg,4
leaf_spot116.jpg,4
leaf_spot117.jpg,4
leaf_spot118.jpg,4
leaf_spot119.jpg,4
leaf_spot12.jpg,4
leaf_spot120.jpg,4
leaf_spot121.jpg,4
leaf_spot122.jpg,4
leaf_spot123.jpg,4
leaf_spot124.jpg,4
leaf_spot125.jpg,4
leaf_spot126.jpg,4
leaf_spot127.jpg,4
leaf_spot128.jpg,4
leaf_spot129.jpg,4
leaf_spot13.jpg,4
leaf_spot130.jpg,4
leaf_spot131.jpg,4
leaf_spot132.jpg,4
leaf_spot133.jpg,4
leaf_spot134.jpg,4
leaf_spot135.jpg,4
leaf_spot136.jpg,4
leaf_spot137.jpg,4
leaf_spot139.jpg,4
leaf_spot14.jpg,4
leaf_spot140.jpg,4
leaf_spot141.jpg,4
leaf_spot142.jpg,4
leaf_spot143.jpg,4
leaf_spot145.jpg,4
leaf_spot146.jpg,4
leaf_spot147.jpg,4
leaf_spot148.jpg,4
leaf_spot149.jpg,4
leaf_spot15.jpg,4
leaf_spot150.jpg,4
leaf_spot151.jpg,4
leaf_spot152.jpg,4
leaf_spot153.jpg,4
leaf_spot156.jpg,4
leaf_spot157.jpg,4
leaf_spot158.jpg,4
leaf_spot159.jpg,4
leaf_spot16.jpg,4
leaf_spot160.jpg,4
leaf_spot161.jpg,4
leaf_spot163.jpg,4
leaf_spot164.jpg,4
leaf_spot165.jpg,4
leaf_spot166.jpg,4
leaf_spot168.jpg,4
leaf_spot169.jpg,4
leaf_spot17.jpg,4
leaf_spot171.jpg,4
leaf_spot172.jpg,4
leaf_spot173.jpg,4
leaf_spot174.jpg,4
leaf_spot175.jpg,4
leaf_spot176.jpg,4
leaf_spot178.jpg,4
leaf_spot179.jpg,4
leaf_spot18.jpg,4
leaf_spot180.jpg,4
leaf_spot181.jpg,4
leaf_spot182.jpg,4
leaf_spot184.jpg,4
leaf_spot186.jpg,4
leaf_spot188.jpg,4
leaf_spot189.jpg,4
leaf_spot19.jpg,4
leaf_spot190.jpg,4
leaf_spot191.jpg,4
leaf_spot193.jpg,4
leaf_spot194.jpg,4
leaf_spot196.jpg,4
leaf_spot197.jpg,4
leaf_spot198.jpg,4
leaf_spot199.jpg,4
leaf_spot20.jpg,4
leaf_spot200.jpg,4
leaf_spot201.jpg,4
leaf_spot202.jpg,4
leaf_spot203.jpg,4
leaf_spot204.jpg,4
leaf_spot205.jpg,4
leaf_spot206.jpg,4
leaf_spot207.jpg,4
leaf_spot209.jpg,4
leaf_spot21.jpg,4
leaf_spot210.jpg,4
leaf_spot211.jpg,4
leaf_spot213.jpg,4
leaf_spot214.jpg,4
leaf_spot215.jpg,4
leaf_spot216.jpg,4
leaf_spot217.jpg,4
leaf_spot219.jpg,4
leaf_spot220.jpg,4
leaf_spot221.jpg,4
leaf_spot224.jpg,4
leaf_spot225.jpg,4
leaf_spot226.jpg,4
leaf_spot228.jpg,4
leaf_spot229.jpg,4
leaf_spot23.jpg,4
leaf_spot230.jpg,4
leaf_spot231.jpg,4
leaf_spot232.jpg,4
leaf_spot233.jpg,4
leaf_spot234.jpg,4
leaf_spot235.jpg,4
leaf_spot236.jpg,4
leaf_spot237.jpg,4
leaf_spot238.jpg,4
leaf_spot239.jpg,4
leaf_spot240.jpg,4
leaf_spot241.jpg,4
leaf_spot243.jpg,4
leaf_spot244.jpg,4
leaf_spot246.jpg,4
leaf_spot248.jpg,4
leaf_spot25.jpg,4
leaf_spot250.jpg,4
leaf_spot251.jpg,4
leaf_spot253.jpg,4
leaf_spot254.jpg,4
leaf_spot255.jpg,4
leaf_spot256.jpg,4
leaf_spot257.jpg,4
leaf_spot258.jpg,4
leaf_spot259.jpg,4
leaf_spot26.jpg,4
leaf_spot261.jpg,4
leaf_spot265.jpg,4
leaf_spot266.jpg,4
leaf_spot267.jpg,4
leaf_spot268.jpg,4
leaf_spot269.jpg,4
leaf_spot27.jpg,4
leaf_spot270.jpg,4
leaf_spot271.jpg,4
leaf_spot272.jpg,4
leaf_spot273.jpg,4
leaf_spot275.jpg,4
leaf_spot276.jpg,4
leaf_spot278.jpg,4
leaf_spot279.jpg,4
leaf_spot28.jpg,4
leaf_spot280.jpg,4
leaf_spot281.jpg,4
leaf_spot282.jpg,4
leaf_spot286.jpg,4
leaf_spot29.jpg,4
leaf_spot292.jpg,4
leaf_spot293.jpg,4
leaf_spot294.jpg,4
leaf_spot295.jpg,4
leaf_spot296.jpg,4
leaf_spot297.jpg,4
leaf_spot298.jpg,4
leaf_spot299.jpg,4
leaf_spot30.jpg,4
leaf_spot300.jpg,4
leaf_spot301.jpg,4
leaf_spot302.jpg,4
leaf_spot303.jpg,4
leaf_spot305.jpg,4
leaf_spot306.jpg,4
leaf_spot307.jpg,4
leaf_spot308.jpg,4
leaf_spot31.jpg,4
leaf_spot310.jpg,4
leaf_spot311.jpg,4
leaf_spot312.jpg,4
leaf_spot313.jpg,4
leaf_spot314.jpg,4
leaf_spot32.jpg,4
leaf_spot324.jpg,4
leaf_spot325.jpg,4
leaf_spot327.jpg,4
leaf_spot328.jpg,4
leaf_spot329.jpg,4
leaf_spot330.jpg,4
leaf_spot331.jpg,4
leaf_spot332.jpg,4
leaf_spot333.jpg,4
leaf_spot335.jpg,4
leaf_spot336.jpg,4
leaf_spot337.jpg,4
leaf_spot338.jpg,4
leaf_spot34.jpg,4
leaf_spot340.jpg,4
leaf_spot342.jpg,4
leaf_spot343.jpg,4
leaf_spot344.jpg,4
leaf_spot345.jpg,4
leaf_spot347.jpg,4
leaf_spot348.jpg,4
leaf_spot349.jpg,4
leaf_spot35.jpg,4
leaf_spot350.jpg,4
leaf_spot351.jpg,4
leaf_spot352.jpg,4
leaf_spot353.jpg,4
leaf_spot354.jpg,4
leaf_spot356.jpg,4
leaf_spot357.jpg,4
leaf_spot358.jpg,4
leaf_spot360.jpg,4
leaf_spot361.jpg,4
leaf_spot363.jpg,4
leaf_spot364.jpg,4
leaf_spot365.jpg,4
leaf_spot367.jpg,4
leaf_spot368.jpg,4
leaf_spot369.jpg,4
leaf_spot37.jpg,4
leaf_spot370.jpg,4
leaf_spot371.jpg,4
leaf_spot372.jpg,4
leaf_spot373.jpg,4
leaf_spot375.jpg,4
leaf_spot376.jpg,4
leaf_spot378.jpg,4
leaf_spot379.jpg,4
leaf_spot38.jpg,4
leaf_spot381.jpg,4
leaf_spot382.jpg,4
leaf_spot383.jpg,4
leaf_spot384.jpg,4
leaf_spot385.jpg,4
leaf_spot386.jpg,4
leaf_spot388.jpg,4
leaf_spot389.jpg,4
leaf_spot39.jpg,4
leaf_spot390.jpg,4
leaf_spot391.jpg,4
leaf_spot392.jpg,4
leaf_spot395.jpg,4
leaf_spot396.jpg,4
leaf_spot397.jpg,4
leaf_spot398.jpg,4
leaf_spot399.jpg,4
leaf_spot40.jpg,4
leaf_spot400.jpg,4
leaf_spot401.jpg,4
leaf_spot402.jpg,4
leaf_spot403.jpg,4
leaf_spot405.jpg,4
leaf_spot407.jpg,4
leaf_spot408.jpg,4
leaf_spot409.jpg,4
leaf_spot41.jpg,4
leaf_spot410.jpg,4
leaf_spot412.jpg,4
leaf_spot413.jpg,4
leaf_spot415.jpg,4
leaf_spot416.jpg,4
leaf_spot417.jpg,4
leaf_spot419.jpg,4
leaf_spot42.jpg,4
leaf_spot420.jpg,4
leaf_spot421.jpg,4
leaf_spot422.jpg,4
leaf_spot423.jpg,4
leaf_spot424.jpg,4
leaf_spot425.jpg,4
leaf_spot426.jpg,4
leaf_spot427.jpg,4
leaf_spot428.jpg,4
leaf_spot429.jpg,4
leaf_spot430.jpg,4
leaf_spot431.jpg,4
leaf_spot433.jpg,4
leaf_spot434.jpg,4
leaf_spot435.jpg,4
leaf_spot436.jpg,4
leaf_spot437.jpg,4
leaf_spot439.jpg,4
leaf_spot440.jpg,4
leaf_spot441.jpg,4
leaf_spot443.jpg,4
leaf_spot444.jpg,4
leaf_spot445.jpg,4
leaf_spot446.jpg,4
leaf_spot447.jpg,4
leaf_spot448.jpg,4
leaf_spot449.jpg,4
leaf_spot45.jpg,4
leaf_spot450.jpg,4
leaf_spot451.jpg,4
leaf_spot47.jpg,4
leaf_spot485.jpg,4
leaf_spot491.jpg,4
leaf_spot50.jpg,4
leaf_spot51.jpg,4
leaf_spot513.jpg,4
leaf_spot52.jpg,4
leaf_spot523.jpg,4
leaf_spot524.jpg,4
leaf_spot525.jpg,4
leaf_spot529.jpg,4
leaf_spot53.jpg,4
leaf_spot535.jpg,4
leaf_spot536.jpg,4
leaf_spot54.jpg,4
leaf_spot543.jpg,4
leaf_spot545.jpg,4
leaf_spot546.jpg,4
leaf_spot548.jpg,4
leaf_spot549.jpg,4
leaf_spot55.jpg,4
leaf_spot550.jpg,4
leaf_spot551.jpg,4
leaf_spot56.jpg,4
leaf_spot58.jpg,4
leaf_spot59.jpg,4
leaf_spot592.jpg,4
leaf_spot593.jpg,5
leaf_spot595.jpg,4
leaf_spot60.jpg,4
leaf_spot600.jpg,4
leaf_spot61.jpg,4
leaf_spot62.jpg,4
leaf_spot624.jpg,4
leaf_spot63.jpg,4
leaf_spot633.jpg,4
leaf_spot634.jpg,4
leaf_spot636.jpg,4
leaf_spot639.jpg,4
leaf_spot64.jpg,4
leaf_spot648.jpg,4
leaf_spot654.jpg,4
leaf_spot655.jpg,4
leaf_spot662.jpg,4
leaf_spot665.jpg,4
leaf_spot666.jpg,4
leaf_spot668.jpg,4
leaf_spot67.jpg,4
leaf_spot670.jpg,4
leaf_spot671.jpg,4
leaf_spot673.jpg,4
leaf_spot68.jpg,4
leaf_spot69.jpg,4
leaf_spot70.jpg,4
leaf_spot71.jpg,4
leaf_spot72.jpg,4
leaf_spot74.jpg,4
leaf_spot75.jpg,4
leaf_spot76.jpg,4
leaf_spot77.jpg,4
leaf_spot79.jpg,4
leaf_spot80.jpg,4
leaf_spot81.jpg,4
leaf_spot82.jpg,4
leaf_spot83.jpg,4
leaf_spot84.jpg,4
leaf_spot85.jpg,4
leaf_spot86.jpg,4
leaf_spot87.jpg,4
leaf_spot88.jpg,4
leaf_spot91.jpg,4
leaf_spot92.jpg,4
leaf_spot94.jpg,4
leaf_spot96.jpg,4
leaf_spot97.jpg,4
leaf_spot98.jpg,4
leaf_spot99.jpg,4
powdery_mildew_fruit1.jpg,5
powdery_mildew_fruit10.jpg,5
powdery_mildew_fruit101.jpg,5
powdery_mildew_fruit103.jpg,5
powdery_mildew_fruit105.jpg,5
powdery_mildew_fruit106.jpg,5
powdery_mildew_fruit107.jpg,5
powdery_mildew_fruit108.jpg,5
powdery_mildew_fruit109.jpg,5
powdery_mildew_fruit11.jpg,5
powdery_mildew_fruit110.jpg,5
powdery_mildew_fruit112.jpg,5
powdery_mildew_fruit114.jpg,5
powdery_mildew_fruit116.jpg,5
powdery_mildew_fruit117.jpg,5
powdery_mildew_fruit118.jpg,5
powdery_mildew_fruit119.jpg,5
powdery_mildew_fruit12.jpg,5
powdery_mildew_fruit15.jpg,5
powdery_mildew_fruit16.jpg,5
powdery_mildew_fruit18.jpg,5
powdery_mildew_fruit19.jpg,5
powdery_mildew_fruit2.jpg,5
powdery_mildew_fruit21.jpg,5
powdery_mildew_fruit23.jpg,5
powdery_mildew_fruit24.jpg,5
powdery_mildew_fruit25.jpg,5
powdery_mildew_fruit26.jpg,5
powdery_mildew_fruit27.jpg,5
powdery_mildew_fruit29.jpg,5
powdery_mildew_fruit3.jpg,5
powdery_mildew_fruit30.jpg,5
powdery_mildew_fruit31.jpg,5
powdery_mildew_fruit32.jpg,5
powdery_mildew_fruit38.jpg,5
powdery_mildew_fruit39.jpg,5
powdery_mildew_fruit4.jpg,5
powdery_mildew_fruit40.jpg,5
powdery_mildew_fruit42.jpg,5
powdery_mildew_fruit43.jpg,5
powdery_mildew_fruit44.jpg,5
powdery_mildew_fruit45.jpg,5
powdery_mildew_fruit46.jpg,5
powdery_mildew_fruit48.jpg,5
powdery_mildew_fruit49.jpg,5
powdery_mildew_fruit5.jpg,5
powdery_mildew_fruit50.jpg,5
powdery_mildew_fruit51.jpg,5
powdery_mildew_fruit52.jpg,5
powdery_mildew_fruit53.jpg,5
powdery_mildew_fruit54.jpg,5
powdery_mildew_fruit55.jpg,5
powdery_mildew_fruit56.jpg,5
powdery_mildew_fruit58.jpg,5
powdery_mildew_fruit59.jpg,5
powdery_mildew_fruit60.jpg,5
powdery_mildew_fruit61.jpg,5
powdery_mildew_fruit62.jpg,5
powdery_mildew_fruit64.jpg,5
powdery_mildew_fruit66.jpg,5
powdery_mildew_fruit67.jpg,5
powdery_mildew_fruit68.jpg,5
powdery_mildew_fruit69.jpg,5
powdery_mildew_fruit7.jpg,5
powdery_mildew_fruit74.jpg,5
powdery_mildew_fruit76.jpg,5
powdery_mildew_fruit78.jpg,5
powdery_mildew_fruit8.jpg,5
powdery_mildew_fruit80.jpg,5
powdery_mildew_fruit81.jpg,5
powdery_mildew_fruit87.jpg,5
powdery_mildew_fruit89.jpg,5
powdery_mildew_fruit9.jpg,5
powdery_mildew_fruit90.jpg,5
powdery_mildew_fruit91.jpg,5
powdery_mildew_fruit94.jpg,5
powdery_mildew_fruit95.jpg,5
powdery_mildew_fruit96.jpg,5
powdery_mildew_fruit97.jpg,5
powdery_mildew_fruit98.jpg,5
powdery_mildew_leaf1.jpg,6
powdery_mildew_leaf10.jpg,6
powdery_mildew_leaf100.jpg,6
powdery_mildew_leaf101.jpg,6
powdery_mildew_leaf102.jpg,6
powdery_mildew_leaf103.jpg,6
powdery_mildew_leaf104.jpg,6
powdery_mildew_leaf105.jpg,6
powdery_mildew_leaf107.jpg,6
powdery_mildew_leaf108.jpg,6
powdery_mildew_leaf109.jpg,6
powdery_mildew_leaf110.jpg,6
powdery_mildew_leaf111.jpg,6
powdery_mildew_leaf112.jpg,6
powdery_mildew_leaf113.jpg,6
powdery_mildew_leaf114.jpg,6
powdery_mildew_leaf115.jpg,6
powdery_mildew_leaf116.jpg,6
powdery_mildew_leaf117.jpg,6
powdery_mildew_leaf118.jpg,6
powdery_mildew_leaf119.jpg,6
powdery_mildew_leaf12.jpg,6
powdery_mildew_leaf120.jpg,6
powdery_mildew_leaf121.jpg,6
powdery_mildew_leaf122.jpg,6
powdery_mildew_leaf123.jpg,6
powdery_mildew_leaf124.jpg,6
powdery_mildew_leaf125.jpg,6
powdery_mildew_leaf126.jpg,6
powdery_mildew_leaf127.jpg,6
powdery_mildew_leaf128.jpg,6
powdery_mildew_leaf129.jpg,6
powdery_mildew_leaf13.jpg,6
powdery_mildew_leaf130.jpg,6
powdery_mildew_leaf131.jpg,6
powdery_mildew_leaf132.jpg,6
powdery_mildew_leaf133.jpg,6
powdery_mildew_leaf134.jpg,6
powdery_mildew_leaf135.jpg,6
powdery_mildew_leaf136.jpg,6
powdery_mildew_leaf137.jpg,6
powdery_mildew_leaf138.jpg,6
powdery_mildew_leaf139.jpg,6
powdery_mildew_leaf14.jpg,6
powdery_mildew_leaf140.jpg,6
powdery_mildew_leaf141.jpg,6
powdery_mildew_leaf142.jpg,6
powdery_mildew_leaf143.jpg,6
powdery_mildew_leaf144.jpg,6
powdery_mildew_leaf145.jpg,6
powdery_mildew_leaf146.jpg,6
powdery_mildew_leaf147.jpg,6
powdery_mildew_leaf148.jpg,6
powdery_mildew_leaf149.jpg,6
powdery_mildew_leaf15.jpg,6
powdery_mildew_leaf150.jpg,6
powdery_mildew_leaf151.jpg,6
powdery_mildew_leaf152.jpg,6
powdery_mildew_leaf153.jpg,6
powdery_mildew_leaf154.jpg,6
powdery_mildew_leaf155.jpg,6
powdery_mildew_leaf156.jpg,6
powdery_mildew_leaf157.jpg,6
powdery_mildew_leaf158.jpg,6
powdery_mildew_leaf159.jpg,6
powdery_mildew_leaf16.jpg,6
powdery_mildew_leaf160.jpg,6
powdery_mildew_leaf161.jpg,6
powdery_mildew_leaf162.jpg,6
powdery_mildew_leaf163.jpg,6
powdery_mildew_leaf164.jpg,6
powdery_mildew_leaf165.jpg,6
powdery_mildew_leaf166.jpg,6
powdery_mildew_leaf167.jpg,6
powdery_mildew_leaf168.jpg,6
powdery_mildew_leaf169.jpg,6
powdery_mildew_leaf17.jpg,6
powdery_mildew_leaf170.jpg,6
powdery_mildew_leaf171.jpg,6
powdery_mildew_leaf172.jpg,6
powdery_mildew_leaf173.jpg,6
powdery_mildew_leaf174.jpg,6
powdery_mildew_leaf175.jpg,6
powdery_mildew_leaf176.jpg,6
powdery_mildew_leaf177.jpg,6
powdery_mildew_leaf178.jpg,6
powdery_mildew_leaf179.jpg,6
powdery_mildew_leaf18.jpg,6
powdery_mildew_leaf181.jpg,6
powdery_mildew_leaf182.jpg,6
powdery_mildew_leaf183.jpg,6
powdery_mildew_leaf184.jpg,6
powdery_mildew_leaf185.jpg,6
powdery_mildew_leaf186.jpg,6
powdery_mildew_leaf187.jpg,6
powdery_mildew_leaf188.jpg,6
powdery_mildew_leaf189.jpg,6
powdery_mildew_leaf19.jpg,6
powdery_mildew_leaf190.jpg,6
powdery_mildew_leaf192.jpg,6
powdery_mildew_leaf193.jpg,6
powdery_mildew_leaf194.jpg,6
powdery_mildew_leaf195.jpg,6
powdery_mildew_leaf196.jpg,6
powdery_mildew_leaf197.jpg,6
powdery_mildew_leaf2.jpg,6
powdery_mildew_leaf200.jpg,6
powdery_mildew_leaf201.jpg,6
powdery_mildew_leaf202.jpg,6
powdery_mildew_leaf204.jpg,6
powdery_mildew_leaf206.jpg,6
powdery_mildew_leaf207.jpg,6
powdery_mildew_leaf208.jpg,6
powdery_mildew_leaf209.jpg,6
powdery_mildew_leaf21.jpg,6
powdery_mildew_leaf211.jpg,6
powdery_mildew_leaf212.jpg,6
powdery_mildew_leaf214.jpg,6
powdery_mildew_leaf215.jpg,6
powdery_mildew_leaf216.jpg,6
powdery_mildew_leaf217.jpg,6
powdery_mildew_leaf218.jpg,6
powdery_mildew_leaf219.jpg,6
powdery_mildew_leaf220.jpg,6
powdery_mildew_leaf221.jpg,6
powdery_mildew_leaf222.jpg,6
powdery_mildew_leaf224.jpg,6
powdery_mildew_leaf225.jpg,6
powdery_mildew_leaf228.jpg,6
powdery_mildew_leaf229.jpg,6
powdery_mildew_leaf23.jpg,6
powdery_mildew_leaf230.jpg,6
powdery_mildew_leaf231.jpg,6
powdery_mildew_leaf232.jpg,6
powdery_mildew_leaf233.jpg,6
powdery_mildew_leaf234.jpg,6
powdery_mildew_leaf235.jpg,6
powdery_mildew_leaf236.jpg,6
powdery_mildew_leaf237.jpg,6
powdery_mildew_leaf238.jpg,6
powdery_mildew_leaf24.jpg,6
powdery_mildew_leaf240.jpg,6
powdery_mildew_leaf241.jpg,6
powdery_mildew_leaf242.jpg,6
powdery_mildew_leaf243.jpg,6
powdery_mildew_leaf244.jpg,6
powdery_mildew_leaf245.jpg,6
powdery_mildew_leaf247.jpg,6
powdery_mildew_leaf248.jpg,6
powdery_mildew_leaf25.jpg,6
powdery_mildew_leaf250.jpg,6
powdery_mildew_leaf251.jpg,6
powdery_mildew_leaf252.jpg,6
powdery_mildew_leaf253.jpg,6
powdery_mildew_leaf254.jpg,6
powdery_mildew_leaf255.jpg,6
powdery_mildew_leaf256.jpg,6
powdery_mildew_leaf257.jpg,6
powdery_mildew_leaf258.jpg,6
powdery_mildew_leaf259.jpg,6
powdery_mildew_leaf26.jpg,6
powdery_mildew_leaf261.jpg,6
powdery_mildew_leaf262.jpg,6
powdery_mildew_leaf263.jpg,6
powdery_mildew_leaf265.jpg,6
powdery_mildew_leaf266.jpg,6
powdery_mildew_leaf267.jpg,6
powdery_mildew_leaf268.jpg,6
powdery_mildew_leaf269.jpg,6
powdery_mildew_leaf27.jpg,6
powdery_mildew_leaf270.jpg,6
powdery_mildew_leaf271.jpg,6
powdery_mildew_leaf272.jpg,6
powdery_mildew_leaf273.jpg,6
powdery_mildew_leaf274.jpg,6
powdery_mildew_leaf275.jpg,6
powdery_mildew_leaf277.jpg,6
powdery_mildew_leaf278.jpg,6
powdery_mildew_leaf279.jpg,6
powdery_mildew_leaf28.jpg,6
powdery_mildew_leaf280.jpg,6
powdery_mildew_leaf281.jpg,6
powdery_mildew_leaf282.jpg,6
powdery_mildew_leaf284.jpg,6
powdery_mildew_leaf285.jpg,6
powdery_mildew_leaf286.jpg,6
powdery_mildew_leaf287.jpg,6
powdery_mildew_leaf289.jpg,6
powdery_mildew_leaf29.jpg,6
powdery_mildew_leaf290.jpg,6
powdery_mildew_leaf291.jpg,6
powdery_mildew_leaf293.jpg,6
powdery_mildew_leaf294.jpg,6
powdery_mildew_leaf295.jpg,6
powdery_mildew_leaf296.jpg,6
powdery_mildew_leaf298.jpg,6
powdery_mildew_leaf299.jpg,6
powdery_mildew_leaf3.jpg,6
powdery_mildew_leaf30.jpg,6
powdery_mildew_leaf301.jpg,6
powdery_mildew_leaf302.jpg,6
powdery_mildew_leaf303.jpg,6
powdery_mildew_leaf304.jpg,6
powdery_mildew_leaf305.jpg,6
powdery_mildew_leaf308.jpg,6
powdery_mildew_leaf310.jpg,6
powdery_mildew_leaf312.jpg,6
powdery_mildew_leaf313.jpg,6
powdery_mildew_leaf314.jpg,6
powdery_mildew_leaf315.jpg,6
powdery_mildew_leaf317.jpg,6
powdery_mildew_leaf319.jpg,6
powdery_mildew_leaf322.jpg,6
powdery_mildew_leaf323.jpg,6
powdery_mildew_leaf324.jpg,6
powdery_mildew_leaf325.jpg,6
powdery_mildew_leaf326.jpg,6
powdery_mildew_leaf327.jpg,6
powdery_mildew_leaf328.jpg,6
powdery_mildew_leaf329.jpg,6
powdery_mildew_leaf331.jpg,6
powdery_mildew_leaf332.jpg,6
powdery_mildew_leaf333.jpg,6
powdery_mildew_leaf334.jpg,6
powdery_mildew_leaf335.jpg,6
powdery_mildew_leaf336.jpg,6
powdery_mildew_leaf337.jpg,6
powdery_mildew_leaf338.jpg,6
powdery_mildew_leaf339.jpg,6
powdery_mildew_leaf34.jpg,6
powdery_mildew_leaf340.jpg,6
powdery_mildew_leaf341.jpg,6
powdery_mildew_leaf342.jpg,6
powdery_mildew_leaf343.jpg,6
powdery_mildew_leaf345.jpg,6
powdery_mildew_leaf346.jpg,6
powdery_mildew_leaf347.jpg,6
powdery_mildew_leaf348.jpg,6
powdery_mildew_leaf350.jpg,6
powdery_mildew_leaf351.jpg,6
powdery_mildew_leaf352.jpg,6
powdery_mildew_leaf353.jpg,6
powdery_mildew_leaf354.jpg,6
powdery_mildew_leaf356.jpg,6
powdery_mildew_leaf357.jpg,6
powdery_mildew_leaf358.jpg,6
powdery_mildew_leaf359.jpg,6
powdery_mildew_leaf36.jpg,6
powdery_mildew_leaf360.jpg,6
powdery_mildew_leaf361.jpg,6
powdery_mildew_leaf363.jpg,6
powdery_mildew_leaf364.jpg,6
powdery_mildew_leaf366.jpg,6
powdery_mildew_leaf368.jpg,6
powdery_mildew_leaf369.jpg,6
powdery_mildew_leaf37.jpg,6
powdery_mildew_leaf370.jpg,6
powdery_mildew_leaf371.jpg,6
powdery_mildew_leaf373.jpg,6
powdery_mildew_leaf374.jpg,6
powdery_mildew_leaf384.jpg,6
powdery_mildew_leaf385.jpg,6
powdery_mildew_leaf386.jpg,6
powdery_mildew_leaf4.jpg,6
powdery_mildew_leaf40.jpg,6
powdery_mildew_leaf41.jpg,6
powdery_mildew_leaf42.jpg,6
powdery_mildew_leaf436.jpg,6
powdery_mildew_leaf437.jpg,6
powdery_mildew_leaf44.jpg,6
powdery_mildew_leaf45.jpg,6
powdery_mildew_leaf48.jpg,6
powdery_mildew_leaf50.jpg,6
powdery_mildew_leaf51.jpg,6
powdery_mildew_leaf514.jpg,6
powdery_mildew_leaf515.jpg,6
powdery_mildew_leaf516.jpg,6
powdery_mildew_leaf517.jpg,6
powdery_mildew_leaf53.jpg,6
powdery_mildew_leaf54.jpg,6
powdery_mildew_leaf55.jpg,6
powdery_mildew_leaf56.jpg,6
powdery_mildew_leaf59.jpg,6
powdery_mildew_leaf6.jpg,6
powdery_mildew_leaf61.jpg,6
powdery_mildew_leaf62.jpg,6
powdery_mildew_leaf63.jpg,6
powdery_mildew_leaf64.jpg,6
powdery_mildew_leaf65.jpg,6
powdery_mildew_leaf66.jpg,6
powdery_mildew_leaf67.jpg,6
powdery_mildew_leaf68.jpg,6
powdery_mildew_leaf69.jpg,6
powdery_mildew_leaf7.jpg,6
powdery_mildew_leaf70.jpg,6
powdery_mildew_leaf71.jpg,6
powdery_mildew_leaf74.jpg,6
powdery_mildew_leaf76.jpg,6
powdery_mildew_leaf77.jpg,6
powdery_mildew_leaf78.jpg,6
powdery_mildew_leaf79.jpg,6
powdery_mildew_leaf80.jpg,6
powdery_mildew_leaf81.jpg,6
powdery_mildew_leaf82.jpg,6
powdery_mildew_leaf83.jpg,6
powdery_mildew_leaf85.jpg,6
powdery_mildew_leaf86.jpg,6
powdery_mildew_leaf87.jpg,6
powdery_mildew_leaf88.jpg,6
powdery_mildew_leaf9.jpg,6
powdery_mildew_leaf91.jpg,6
powdery_mildew_leaf92.jpg,6
powdery_mildew_leaf93.jpg,6
powdery_mildew_leaf94.jpg,6
powdery_mildew_leaf95.jpg,6
powdery_mildew_leaf96.jpg,6
powdery_mildew_leaf97.jpg,6
powdery_mildew_leaf98.jpg,6
powdery_mildew_leaf99.jpg,6
